<?xml version="1.0" encoding="UTF-8"?>

<channel name="thunar" version="1.0">
  <property name="misc-volume-management" type="empty"/>
  <property name="shortcuts-icon-size" type="empty"/>
  <property name="last-view" type="string" value="ThunarCompactView"/>
  <property name="last-icon-view-zoom-level" type="string" value="THUNAR_ZOOM_LEVEL_NORMAL"/>
  <property name="misc-single-click" type="bool" value="false"/>
  <property name="hidden-bookmarks" type="array">
    <value type="string" value="file:///"/>
    <value type="string" value="network:///"/>
  </property>
  <property name="last-separator-position" type="int" value="170"/>
  <property name="last-show-hidden" type="bool" value="true"/>
  <property name="last-window-width" type="int" value="640"/>
  <property name="last-window-height" type="int" value="480"/>
  <property name="last-window-maximized" type="bool" value="false"/>
</channel>
