<?xml version="1.0" encoding="UTF-8"?>

<channel name="xfce4-desktop" version="1.0">
  <property name="desktop-icons" type="empty">
    <property name="style" type="empty"/>
    <property name="file-icons" type="empty">
      <property name="show-home" type="empty"/>
      <property name="show-filesystem" type="bool" value="false"/>
      <property name="show-removable" type="empty"/>
      <property name="show-trash" type="empty"/>
    </property>
    <property name="icon-size" type="empty"/>
    <property name="tooltip-size" type="empty"/>
  </property>
  <property name="backdrop" type="empty">
    <property name="screen0" type="empty">
      <property name="monitor0" type="empty">
        <property name="image-path" type="empty"/>
        <property name="image-style" type="empty"/>
        <property name="image-show" type="empty"/>
        <property name="workspace0" type="empty">
          <property name="color-style" type="int" value="0"/>
          <property name="image-style" type="int" value="5"/>
          <property name="last-image" type="string" value="/usr/share/xfce4/backdrops/xubuntu-wallpaper.png"/>
        </property>
      </property>
      <property name="monitor1" type="empty">
        <property name="image-path" type="empty"/>
        <property name="image-style" type="empty"/>
        <property name="image-show" type="empty"/>
      </property>
    </property>
  </property>
  <property name="desktop-menu" type="empty">
    <property name="show" type="bool" value="false"/>
  </property>
  <property name="windowlist-menu" type="empty">
    <property name="show-add-remove-workspaces" type="bool" value="false"/>
  </property>
  <property name="last" type="empty">
    <property name="window-width" type="int" value="705"/>
    <property name="window-height" type="int" value="526"/>
  </property>
</channel>
