<?xml version="1.0" encoding="UTF-8"?>

<channel name="xfce4-panel" version="1.0">
  <property name="panels" type="array">
    <value type="int" value="1"/>
    <property name="panel-0" type="empty">
      <property name="position" type="string" value="p=6;x=0;y=0"/>
      <property name="length" type="uint" value="100"/>
      <property name="position-locked" type="bool" value="true"/>
      <property name="plugin-ids" type="array">
        <value type="int" value="1"/>
        <value type="int" value="2"/>
        <value type="int" value="3"/>
        <value type="int" value="4"/>
        <value type="int" value="5"/>
        <value type="int" value="6"/>
        <value type="int" value="7"/>
        <value type="int" value="8"/>
      </property>
      <property name="background-style" type="uint" value="0"/>
      <property name="background-alpha" type="uint" value="80"/>
      <property name="size" type="uint" value="24"/>
      <property name="length-adjust" type="bool" value="true"/>
      <property name="span-monitors" type="bool" value="false"/>
      <property name="enter-opacity" type="uint" value="100"/>
      <property name="leave-opacity" type="uint" value="100"/>
      <property name="mode" type="uint" value="0"/>
      <property name="autohide-behavior" type="uint" value="0"/>
      <property name="disable-struts" type="bool" value="false"/>
      <property name="nrows" type="uint" value="1"/>
    </property>
    <property name="panel-1" type="empty">
      <property name="autohide-behavior" type="uint" value="0"/>
      <property name="background-alpha" type="uint" value="100"/>
      <property name="background-style" type="uint" value="0"/>
      <property name="disable-struts" type="bool" value="false"/>
      <property name="enter-opacity" type="uint" value="100"/>
      <property name="leave-opacity" type="uint" value="100"/>
      <property name="length" type="uint" value="100"/>
      <property name="length-adjust" type="bool" value="true"/>
      <property name="mode" type="uint" value="0"/>
      <property name="nrows" type="uint" value="1"/>
      <property name="plugin-ids" type="array">
        <value type="int" value="6"/>
        <value type="int" value="7"/>
        <value type="int" value="1"/>
        <value type="int" value="2"/>
        <value type="int" value="3"/>
        <value type="int" value="4"/>
        <value type="int" value="5"/>
        <value type="int" value="8"/>
      </property>
      <property name="position" type="string" value="p=8;x=512;y=752"/>
      <property name="position-locked" type="bool" value="true"/>
      <property name="size" type="uint" value="36"/>
    </property>
    <property name="panel-2" type="empty">
      <property name="autohide-behavior" type="uint" value="0"/>
      <property name="background-alpha" type="uint" value="100"/>
      <property name="background-style" type="uint" value="0"/>
      <property name="disable-struts" type="bool" value="false"/>
      <property name="enter-opacity" type="uint" value="100"/>
      <property name="leave-opacity" type="uint" value="100"/>
      <property name="length" type="uint" value="10"/>
      <property name="length-adjust" type="bool" value="true"/>
      <property name="mode" type="uint" value="0"/>
      <property name="nrows" type="uint" value="1"/>
      <property name="plugin-ids" type="array">
        <value type="int" value="8"/>
        <value type="int" value="9"/>
        <value type="int" value="10"/>
        <value type="int" value="11"/>
        <value type="int" value="12"/>
        <value type="int" value="13"/>
        <value type="int" value="14"/>
        <value type="int" value="15"/>
      </property>
      <property name="position" type="string" value="p=10;x=0;y=0"/>
      <property name="position-locked" type="bool" value="true"/>
      <property name="size" type="uint" value="48"/>
    </property>
  </property>
  <property name="plugins" type="empty">
    <property name="plugin-1" type="string" value="showdesktop"/>
    <property name="plugin-2" type="string" value="tasklist">
      <property name="flat-buttons" type="bool" value="true"/>
      <property name="grouping" type="uint" value="0"/>
      <property name="include-all-monitors" type="bool" value="true"/>
      <property name="include-all-workspaces" type="bool" value="false"/>
      <property name="middle-click" type="uint" value="0"/>
      <property name="show-button-type" type="int" value="1"/>
      <property name="show-handle" type="bool" value="true"/>
      <property name="show-labels" type="bool" value="true"/>
      <property name="show-only-minimized" type="bool" value="false"/>
      <property name="show-wireframes" type="bool" value="false"/>
      <property name="sort-order" type="uint" value="1"/>
      <property name="switch-workspace-on-unminimize" type="bool" value="true"/>
      <property name="window-scrolling" type="bool" value="true"/>
    </property>
    <property name="plugin-3" type="string" value="separator">
      <property name="style" type="uint" value="0"/>
      <property name="expand" type="bool" value="true"/>
    </property>
    <property name="plugin-4" type="string" value="systray">
      <property name="show-frame" type="bool" value="true"/>
      <property name="size-max" type="uint" value="22"/>
      <property name="names-visible" type="array">
        <value type="string" value="networkmanager applet"/>
        <value type="string" value="applet networkmanager"/>
        <value type="string" value="notificateur de mises à jour"/>
        <value type="string" value="thunar"/>
        <value type="string" value="réseau"/>
        <value type="string" value="blueman-applet"/>
      </property>
      <property name="items" type="array">
        <value type="string" value="14418443291.desktop"/>
      </property>
      <property name="miniature-view" type="bool" value="true"/>
      <property name="rows" type="uint" value="1"/>
    </property>
    <property name="plugin-5" type="string" value="clock">
      <property name="align-left" type="bool" value="false"/>
      <property name="digital-format" type="string" value="%I:%M %p"/>
      <property name="items" type="array">
        <value type="string" value="14418443522.desktop"/>
      </property>
      <property name="known-indicators" type="array">
        <value type="string" value="libapplication.so"/>
        <value type="string" value="com.canonical.indicator.messages"/>
        <value type="string" value="com.canonical.indicator.sound"/>
      </property>
      <property name="mode" type="uint" value="2"/>
      <property name="mode-whitelist" type="bool" value="false"/>
      <property name="show-frame" type="bool" value="true"/>
      <property name="single-row" type="bool" value="false"/>
      <property name="tooltip-format" type="string" value="%A %d %B %Y"/>
    </property>
    <property name="plugin-6" type="string" value="whiskermenu">
      <property name="blacklist" type="array">
        <value type="string" value="libappmenu.so"/>
      </property>
      <property name="known-indicators" type="array">
        <value type="string" value="libapplication.so"/>
        <value type="string" value="com.canonical.indicator.messages"/>
        <value type="string" value="com.canonical.indicator.sound"/>
      </property>
    </property>
    <property name="plugin-7" type="string" value="separator">
      <property name="style" type="uint" value="1"/>
      <property name="expand" type="bool" value="false"/>
    </property>
    <property name="plugin-8" type="string" value="actions">
      <property name="digital-format" type="string" value="%d %b, %H:%M"/>
      <property name="appearance" type="uint" value="0"/>
      <property name="ask-confirmation" type="bool" value="false"/>
      <property name="invert-orientation" type="bool" value="false"/>
      <property name="items" type="array">
        <value type="string" value="-lock-screen"/>
        <value type="string" value="-switch-user"/>
        <value type="string" value="-separator"/>
        <value type="string" value="-suspend"/>
        <value type="string" value="-hibernate"/>
        <value type="string" value="-separator"/>
        <value type="string" value="-separator"/>
        <value type="string" value="-logout"/>
        <value type="string" value="+logout-dialog"/>
        <value type="string" value="-restart"/>
        <value type="string" value="-shutdown"/>
      </property>
    </property>
    <property name="plugin-11" type="string" value="actions">
      <property name="ask-confirmation" type="bool" value="true"/>
      <property name="digital-format" type="string" value="%a %b %d, %I:%M %p"/>
      <property name="items" type="array">
      </property>
      <property name="mode" type="uint" value="2"/>
      <property name="show-frame" type="bool" value="true"/>
      <property name="tooltip-format" type="string" value="%A %d %B %Y"/>
    </property>
    <property name="plugin-12" type="string" value="separator">
      <property name="expand" type="bool" value="true"/>
      <property name="items" type="array">
      </property>
      <property name="style" type="uint" value="0"/>
    </property>
    <property name="plugin-13" type="string" value="showdesktop">
      <property name="expand" type="bool" value="true"/>
      <property name="flat-buttons" type="bool" value="false"/>
      <property name="grouping" type="uint" value="0"/>
      <property name="include-all-monitors" type="bool" value="true"/>
      <property name="include-all-workspaces" type="bool" value="false"/>
      <property name="items" type="array">
      </property>
      <property name="show-handle" type="bool" value="true"/>
      <property name="show-labels" type="bool" value="true"/>
      <property name="show-only-minimized" type="bool" value="false"/>
      <property name="show-wireframes" type="bool" value="false"/>
      <property name="sort-order" type="uint" value="1"/>
      <property name="style" type="uint" value="0"/>
      <property name="switch-workspace-on-unminimize" type="bool" value="true"/>
      <property name="window-scrolling" type="bool" value="true"/>
    </property>
    <property name="plugin-14" type="string" value="separator">
      <property name="expand" type="bool" value="false"/>
      <property name="items" type="array">
        <value type="string" value="14417693474.desktop"/>
      </property>
      <property name="show-handle" type="bool" value="false"/>
      <property name="style" type="uint" value="1"/>
    </property>
    <property name="plugin-15" type="string" value="launcher">
      <property name="base-directory" type="string" value="/home/administrateur"/>
      <property name="expand" type="bool" value="true"/>
      <property name="items" type="array">
        <value type="string" value="14294989531.desktop"/>
      </property>
      <property name="miniature-view" type="bool" value="true"/>
      <property name="rows" type="uint" value="1"/>
      <property name="style" type="uint" value="0"/>
      <property name="workspace-scrolling" type="bool" value="true"/>
    </property>
    <property name="plugin-16" type="string" value="launcher">
      <property name="button-title" type="string" value="Start"/>
      <property name="items" type="array">
        <value type="string" value="14294989532.desktop"/>
      </property>
    </property>
    <property name="plugin-17" type="string" value="launcher">
      <property name="expand" type="bool" value="true"/>
      <property name="items" type="array">
        <value type="string" value="14294989533.desktop"/>
      </property>
      <property name="show-button-type" type="int" value="1"/>
      <property name="style" type="uint" value="0"/>
    </property>
    <property name="plugin-18" type="string" value="launcher">
      <property name="items" type="array">
        <value type="string" value="14294989534.desktop"/>
      </property>
    </property>
    <property name="plugin-19" type="string" value="launcher">
      <property name="items" type="array">
        <value type="string" value="14294989535.desktop"/>
      </property>
    </property>
    <property name="plugin-20" type="string" value="launcher">
      <property name="items" type="array">
        <value type="string" value="14294989536.desktop"/>
      </property>
    </property>
    <property name="plugin-21" type="string" value="launcher">
      <property name="items" type="array">
        <value type="string" value="14294989537.desktop"/>
      </property>
      <property name="style" type="uint" value="0"/>
    </property>
    <property name="plugin-22" type="string" value="launcher">
      <property name="items" type="array">
        <value type="string" value="14294989538.desktop"/>
      </property>
    </property>
    <property name="plugin-23" type="string" value="launcher">
      <property name="items" type="array">
        <value type="string" value="14294989539.desktop"/>
      </property>
      <property name="show-handle" type="bool" value="false"/>
    </property>
    <property name="plugin-24" type="string" value="separator">
      <property name="expand" type="bool" value="false"/>
      <property name="style" type="uint" value="1"/>
    </property>
    <property name="plugin-25" type="string" value="directorymenu">
      <property name="base-directory" type="string" value="/home/administrateur"/>
    </property>
    <property name="plugin-26" type="string" value="thunar-tpa"/>
    <property name="plugin-27" type="string" value="separator">
      <property name="expand" type="bool" value="true"/>
      <property name="style" type="uint" value="0"/>
    </property>
    <property name="plugin-9" type="string" value="pager">
      <property name="items" type="array">
      </property>
      <property name="expand" type="bool" value="false"/>
      <property name="miniature-view" type="bool" value="true"/>
      <property name="rows" type="uint" value="1"/>
      <property name="show-names" type="bool" value="false"/>
      <property name="style" type="uint" value="1"/>
      <property name="workspace-scrolling" type="bool" value="false"/>
    </property>
    <property name="plugin-10" type="string" value="separator">
      <property name="expand" type="bool" value="false"/>
      <property name="items" type="array">
        <value type="string" value="14418417141.desktop"/>
      </property>
      <property name="style" type="uint" value="0"/>
    </property>
  </property>
  <property name="configver" type="int" value="2"/>
</channel>
